Race Date,Race Time,Meeting,Horse Name
2025-04-28,8:20,WOL,
2025-04-28,8:20,WOL,Abundance
2025-04-28,5:30,WDR,Advertorial
2025-04-28,8:50,WOL,
2025-04-28,8:50,WOL,Agathon
2025-04-28,5:13,AYR,Agia
2025-04-28,8:10,NAA,
2025-04-28,8:10,NAA,Agnes Grey
2025-04-28,2:00,AYR,Aherla Rock
2025-04-28,5:40,NAA,Aighear
2025-04-28,5:13,AYR,Al Barez
2025-04-28,8:20,WOL,
2025-04-28,8:20,WOL,Al Durry
2025-04-28,4:15,LIN,Al Shababi
2025-04-28,5:00,WDR,Al Suil Eile
2025-04-28,5:50,WOL,Alfie D
2025-04-28,5:00,WDR,Amorita
2025-04-28,12:08,SNA,Ancient Times
2025-04-28,8:05,WDR,Annalee Lass
2025-04-28,5:50,WOL,Another Bungle
2025-04-28,4:40,AYR,Antiphon
2025-04-28,8:05,WDR,Appier
2025-04-28,3:15,LIN,Arcimboldo
2025-04-28,5:00,WDR,Ardilly Breeze
2025-04-28,6:50,WOL,Are You In Or Out
2025-04-28,8:10,NAA,
2025-04-28,8:10,NAA,Arlecchino's Rex
2025-04-28,7:30,WDR,Aroof
2025-04-28,8:50,WOL,
2025-04-28,8:50,WOL,Arthur's Victory
2025-04-28,8:10,NAA,
2025-04-28,8:10,NAA,Asdana
2025-04-28,5:40,NAA,Auntie Jo
2025-04-28,4:40,AYR,Ayr Poet
2025-04-28,3:30,AYR,Azure Angel
2025-04-28,8:20,WOL,
2025-04-28,8:20,WOL,Bama Lama
2025-04-28,8:05,WDR,Bang On The Bell
2025-04-28,8:05,WDR,Banksman
2025-04-28,5:30,WDR,Barmyblade
2025-04-28,4:40,AYR,Battle Stride
2025-04-28,8:50,WOL,
2025-04-28,8:50,WOL,Beattie Is Back
2025-04-28,4:05,AYR,Beauzon
2025-04-28,8:05,WDR,Bell Shot
2025-04-28,2:45,LIN,Bernie The Bear
2025-04-28,2:00,AYR,Betsen
2025-04-28,6:40,NAA,Bevy
2025-04-28,4:15,LIN,Big Gossey
2025-04-28,6:40,NAA,Big Time Rascal
2025-04-28,8:05,WDR,Billie Be Quick
2025-04-28,5:40,NAA,Bin Ajwad
2025-04-28,2:30,AYR,Bintnouf
2025-04-28,7:20,WOL,Bishopton
2025-04-28,7:40,NAA,Bizou
2025-04-28,5:00,WDR,Blackbrook
2025-04-28,7:30,WDR,Blue Train
2025-04-28,7:30,WDR,Bluebelardo
2025-04-28,5:40,NAA,Bondi
2025-04-28,5:30,WDR,Bondi Man
2025-04-28,5:50,WOL,Brian The Snail
2025-04-28,8:20,WOL,
2025-04-28,8:20,WOL,Brigid's Cloak
2025-04-28,5:40,NAA,Bun Bang Fai
2025-04-28,7:20,WOL,Burano Murano
2025-04-28,6:00,WDR,Calanthe
2025-04-28,5:20,LIN,California Fling
2025-04-28,6:50,WOL,Call Me Audrey
2025-04-28,8:50,WOL,
2025-04-28,8:50,WOL,Camera Shy
2025-04-28,4:25,WDR,Can't Chant
2025-04-28,2:30,AYR,Can't Stop Now
2025-04-28,3:30,AYR,Cape Sounion
2025-04-28,5:05,NAA,Captain Parma
2025-04-28,6:20,WOL,Cavallo Pazzo
2025-04-28,3:30,AYR,Ceira G
2025-04-28,7:30,WDR,Change Of Fortune
2025-04-28,5:50,WOL,Chelsea Old Church
2025-04-28,5:00,WDR,Cherry Cola
2025-04-28,7:00,WDR,Cherry Pink
2025-04-28,8:10,NAA,
2025-04-28,8:10,NAA,Chiefman
2025-04-28,3:30,AYR,City Of Poets
2025-04-28,4:15,LIN,City Of Strangers
2025-04-28,4:40,AYR,Cloe
2025-04-28,12:08,SNA,Coco Bear
2025-04-28,4:50,LIN,Coiled
2025-04-28,7:30,WDR,Collective Power
2025-04-28,6:10,NAA,Colors Of Freedom
2025-04-28,7:50,WOL,Come On Ruby
2025-04-28,7:20,WOL,Commander Flavius
2025-04-28,7:30,WDR,Commendation
2025-04-28,4:25,WDR,Connova
2025-04-28,5:05,NAA,Cougar
2025-04-28,3:30,AYR,Coulsea
2025-04-28,2:30,AYR,Count Palatine
2025-04-28,4:05,AYR,Crackamour
2025-04-28,8:50,WOL,
2025-04-28,8:50,WOL,Crackinthunder
2025-04-28,4:40,AYR,Crepe Suzette
2025-04-28,7:20,WOL,Croeso Cymraeg
2025-04-28,6:30,WDR,Crystal Guard
2025-04-28,5:13,AYR,Cuban Grey
2025-04-28,6:10,NAA,Cupola
2025-04-28,4:25,WDR,Curran
2025-04-28,3:30,AYR,D Day Major Winter
2025-04-28,5:00,WDR,Dance No More
2025-04-28,4:15,LIN,Dancing In Paris
2025-04-28,6:30,WDR,Dapper Guest
2025-04-28,4:25,WDR,Darvel
2025-04-28,5:20,LIN,Diamondonthehill
2025-04-28,2:45,LIN,Dibble Dabble
2025-04-28,7:00,WDR,Dignam
2025-04-28,7:40,NAA,Distant Rumble
2025-04-28,4:25,WDR,Dmaniac
2025-04-28,5:40,NAA,Doublethetrouble
2025-04-28,2:15,LIN,Dream Angel
2025-04-28,6:20,WOL,Dutch Duke
2025-04-28,2:30,AYR,Dwindling Funds
2025-04-28,2:30,AYR,Dynamite Defense
2025-04-28,8:10,NAA,Eagle Strike
2025-04-28,6:20,WOL,Easter Icon
2025-04-28,2:15,LIN,Educator
2025-04-28,3:15,LIN,Elliott
2025-04-28,7:50,WOL,Elusive Duke
2025-04-28,5:40,NAA,Em Four
2025-04-28,4:25,WDR,Emperor's Logic
2025-04-28,5:30,WDR,Escaping Thejungle
2025-04-28,6:40,NAA,Expert Witness
2025-04-28,6:30,WDR,Fantasy World
2025-04-28,5:00,WDR,Fast Steps
2025-04-28,6:30,WDR,Faster Bee
2025-04-28,5:50,WOL,First Officer
2025-04-28,6:30,WDR,Flying Scotsman
2025-04-28,5:13,AYR,Forest Spirit
2025-04-28,7:00,WDR,Forteleza
2025-04-28,4:25,WDR,Foshan
2025-04-28,5:13,AYR,Four Blondes
2025-04-28,6:10,NAA,Francesi
2025-04-28,5:20,LIN,Fravanco
2025-04-28,2:15,LIN,Freedom Bay
2025-04-28,6:50,WOL,Freedom Day
2025-04-28,4:05,AYR,Gas Works Wall
2025-04-28,5:05,NAA,General Assembly
2025-04-28,4:50,LIN,Giselles Izzy
2025-04-28,2:00,AYR,Glad Eye
2025-04-28,4:40,AYR,Glasses Up
2025-04-28,5:13,AYR,Glazia
2025-04-28,6:00,WDR,Glitter And Glory
2025-04-28,5:05,NAA,Gloriously Glam
2025-04-28,5:40,NAA,Go Go Boots
2025-04-28,3:45,LIN,Golden Samba
2025-04-28,7:20,WOL,Gordon Norse
2025-04-28,6:20,WOL,Grand Harbour
2025-04-28,4:15,LIN,Green Icon
2025-04-28,7:40,NAA,Guarded
2025-04-28,7:10,NAA,Harry Brown
2025-04-28,8:05,WDR,Harry The Rogue
2025-04-28,8:10,NAA,
2025-04-28,8:10,NAA,Havechatma
2025-04-28,8:05,WDR,He's A Latchico
2025-04-28,6:30,WDR,Helaali
2025-04-28,7:30,WDR,Henery Hawk
2025-04-28,7:50,WOL,Herculeus
2025-04-28,5:30,WDR,Herkeios
2025-04-28,7:30,WDR,Higher Kingdom
2025-04-28,8:10,NAA,
2025-04-28,8:10,NAA,Himself
2025-04-28,8:50,WOL,
2025-04-28,8:50,WOL,Hoornblower
2025-04-28,5:20,LIN,Horus
2025-04-28,4:25,WDR,Hype Merchant
2025-04-28,6:50,WOL,I Am Superman
2025-04-28,6:10,NAA,I Follow Rivers
2025-04-28,6:50,WOL,In A Hurry
2025-04-28,2:30,AYR,In The Minus
2025-04-28,8:10,NAA,
2025-04-28,8:10,NAA,Inanna
2025-04-28,2:00,AYR,Inca Trail
2025-04-28,5:30,WDR,Inertia
2025-04-28,4:40,AYR,Invincible Storm
2025-04-28,6:50,WOL,Iris Dancer
2025-04-28,4:05,AYR,Island Girl
2025-04-28,5:40,NAA,It's A Heartbeat
2025-04-28,7:10,NAA,Its All Peachy
2025-04-28,7:40,NAA,Iwantmytimewithyou
2025-04-28,6:20,WOL,Jack Andrea
2025-04-28,7:30,WDR,John T
2025-04-28,6:00,WDR,Jump The Gun
2025-04-28,2:00,AYR,Jungle Peace
2025-04-28,12:08,SNA,Juniper Sling
2025-04-28,7:10,NAA,Juno Star
2025-04-28,6:20,WOL,Just Ten High
2025-04-28,4:50,LIN,Kalixa
2025-04-28,7:10,NAA,Keep Warm
2025-04-28,4:05,AYR,Kensington Hope
2025-04-28,8:10,NAA,
2025-04-28,8:10,NAA,Kensington Lane
2025-04-28,5:05,NAA,Kilteel
2025-04-28,6:50,WOL,Kinetic
2025-04-28,7:00,WDR,King Cabo
2025-04-28,5:20,LIN,King Of The Dance
2025-04-28,5:50,WOL,King Of The Jungle
2025-04-28,2:00,AYR,Kipp Kelly
2025-04-28,7:50,WOL,Kitty Furnival
2025-04-28,3:15,LIN,Knickerbocker
2025-04-28,3:45,LIN,Knockmore Prince
2025-04-28,8:10,NAA,
2025-04-28,8:10,NAA,Kode Secret
2025-04-28,4:05,AYR,L'Karama
2025-04-28,4:15,LIN,Lady Delila
2025-04-28,8:10,NAA,
2025-04-28,8:10,NAA,Lady O
2025-04-28,7:40,NAA,Lady Of The Isles
2025-04-28,5:30,WDR,Lady Plimsoll
2025-04-28,2:30,AYR,Laugh A Minute
2025-04-28,6:10,NAA,Le Pelerin
2025-04-28,6:20,WOL,Leblon Queen
2025-04-28,5:05,NAA,Lemurian
2025-04-28,6:00,WDR,Lexington Jet
2025-04-28,6:20,WOL,Liberate
2025-04-28,7:20,WOL,Libra Tiger
2025-04-28,4:50,LIN,Lights Go Down
2025-04-28,2:30,AYR,Lilly Lux
2025-04-28,6:30,WDR,Lion's House
2025-04-28,8:20,WOL,
2025-04-28,8:20,WOL,Lisnadill
2025-04-28,5:40,NAA,Little Queenie
2025-04-28,6:10,NAA,London
2025-04-28,5:05,NAA,Love Billy Boy
2025-04-28,6:10,NAA,Love Mocha
2025-04-28,8:10,NAA,
2025-04-28,8:10,NAA,Luckie Lucas
2025-04-28,6:20,WOL,Luna A Inbhir Nis
2025-04-28,4:40,AYR,Luna Beaux
2025-04-28,5:05,NAA,Luzon Prince
2025-04-28,4:15,LIN,Lyra Constellation
2025-04-28,5:40,NAA,Magdalayna
2025-04-28,3:45,LIN,Magical Idea
2025-04-28,3:45,LIN,Magical Vision
2025-04-28,6:40,NAA,Man Is King
2025-04-28,8:10,NAA,
2025-04-28,8:10,NAA,Manhattan Chute
2025-04-28,7:40,NAA,Masala Chai
2025-04-28,2:30,AYR,Masterofgreygoose
2025-04-28,5:50,WOL,Maundy Thursday
2025-04-28,7:00,WDR,Maximun Gold
2025-04-28,12:08,SNA,May Remain
2025-04-28,7:50,WOL,Micasso
2025-04-28,8:10,NAA,Mickey The Steel
2025-04-28,6:10,NAA,Midnight Horizon
2025-04-28,7:10,NAA,Miracle Beauty
2025-04-28,5:40,NAA,Miss Americana
2025-04-28,7:10,NAA,Mississippi River
2025-04-28,7:40,NAA,Mister Adam
2025-04-28,7:40,NAA,Mittens
2025-04-28,7:10,NAA,Moltophino
2025-04-28,6:10,NAA,Monsunaty
2025-04-28,7:10,NAA,Moonlight Bomb
2025-04-28,5:00,WDR,Moostar
2025-04-28,4:25,WDR,Morcar
2025-04-28,6:30,WDR,Mr Fustic
2025-04-28,5:20,LIN,Mr Nippy
2025-04-28,3:00,AYR,Mr Trick
2025-04-28,5:50,WOL,Mr Ubiquitous
2025-04-28,7:30,WDR,Mudlahhim
2025-04-28,5:50,WOL,My Mate Alfie
2025-04-28,6:40,NAA,Mystic Maureen
2025-04-28,5:30,WDR,Mythical Bird
2025-04-28,7:20,WOL,Mythical Isle
2025-04-28,6:20,WOL,Navagio
2025-04-28,2:45,LIN,Nazron
2025-04-28,8:20,WOL,
2025-04-28,8:20,WOL,Neddies Boy
2025-04-28,5:13,AYR,Noble Horizon
2025-04-28,6:00,WDR,Noble Nation
2025-04-28,6:10,NAA,Nuevo Slovo
2025-04-28,3:00,AYR,Ocean Heights
2025-04-28,6:30,WDR,Ohmyviette
2025-04-28,5:40,NAA,Onaqui
2025-04-28,7:10,NAA,One Million Dreams
2025-04-28,6:00,WDR,Orbital Chime
2025-04-28,4:05,AYR,Oreeda
2025-04-28,7:10,NAA,Our Dagger
2025-04-28,4:05,AYR,Outer Edge
2025-04-28,7:50,WOL,Paddydaddy
2025-04-28,5:40,NAA,Paragon
2025-04-28,7:30,WDR,Pastoral Way
2025-04-28,4:40,AYR,Phoenix Beach
2025-04-28,8:20,WOL,
2025-04-28,8:20,WOL,Pickersgill
2025-04-28,5:40,NAA,Pit Boss
2025-04-28,4:25,WDR,Polythene Pam
2025-04-28,12:08,SNA,Pomme Pomme
2025-04-28,5:00,WDR,Poppadom
2025-04-28,8:10,NAA,Postman's Park
2025-04-28,5:00,WDR,Prom Queen
2025-04-28,8:10,NAA,
2025-04-28,8:10,NAA,Promethean
2025-04-28,6:30,WDR,Queen Of Newark
2025-04-28,5:05,NAA,Queen's Company
2025-04-28,7:00,WDR,Quinn's Charm
2025-04-28,5:05,NAA,Raintown
2025-04-28,3:15,LIN,Ramon Di Loria
2025-04-28,2:00,AYR,Real Force
2025-04-28,6:10,NAA,Red Mirage
2025-04-28,4:05,AYR,Red Walls
2025-04-28,7:50,WOL,Relocal
2025-04-28,6:00,WDR,Reteti
2025-04-28,5:30,WDR,Rey De La Batalla
2025-04-28,2:45,LIN,Rion Rubette
2025-04-28,5:40,NAA,Risk
2025-04-28,7:30,WDR,Robbo
2025-04-28,6:30,WDR,Rockit Tommy
2025-04-28,3:15,LIN,Roderick
2025-04-28,8:10,NAA,
2025-04-28,8:10,NAA,Rory
2025-04-28,2:00,AYR,Rose Warrior
2025-04-28,5:30,WDR,Rosemary May
2025-04-28,2:30,AYR,Rosemary's Rose
2025-04-28,2:30,AYR,Royal Duke
2025-04-28,2:00,AYR,Royal Observatory
2025-04-28,5:50,WOL,Royal Pleasure
2025-04-28,5:20,LIN,Salacious
2025-04-28,5:05,NAA,Samra Star
2025-04-28,3:30,AYR,Sandscreendeliverd
2025-04-28,4:25,WDR,Sarahmae
2025-04-28,5:40,NAA,Saturnalia
2025-04-28,5:20,LIN,Sax Appeal
2025-04-28,3:15,LIN,Schemaya
2025-04-28,6:00,WDR,Schilflied
2025-04-28,12:08,SNA,Scott Key
2025-04-28,7:40,NAA,Sea Founder
2025-04-28,5:30,WDR,Sea Regal
2025-04-28,3:30,AYR,Second Fiddle
2025-04-28,8:10,NAA,
2025-04-28,8:10,NAA,Secret Handsheikh
2025-04-28,8:05,WDR,Senseofentitlement
2025-04-28,5:50,WOL,Share The Treasure
2025-04-28,8:10,NAA,
2025-04-28,8:10,NAA,Sharon Curly
2025-04-28,6:50,WOL,Shiota
2025-04-28,7:40,NAA,Signcastle City
2025-04-28,2:45,LIN,Silver Gunn
2025-04-28,6:30,WDR,Simply Astounding
2025-04-28,5:05,NAA,Sir Jeremy
2025-04-28,7:40,NAA,Sir Yoshi
2025-04-28,6:40,NAA,Skyelight
2025-04-28,7:30,WDR,Smith
2025-04-28,2:15,LIN,Sneddy Eddie
2025-04-28,8:10,NAA,
2025-04-28,8:10,NAA,Society Lion
2025-04-28,2:45,LIN,Society Of Honor
2025-04-28,3:00,AYR,Some Nightmare
2025-04-28,8:05,WDR,Sophiesticate
2025-04-28,3:30,AYR,Southbank
2025-04-28,4:50,LIN,Special Ghaiyyath
2025-04-28,5:00,WDR,Spirit Of Acklam
2025-04-28,3:30,AYR,Spirit Of The Bay
2025-04-28,7:00,WDR,Spring Is Here
2025-04-28,5:05,NAA,Spycraft
2025-04-28,7:40,NAA,St Mawes
2025-04-28,6:00,WDR,Stag Night
2025-04-28,6:10,NAA,Stand Strong
2025-04-28,5:13,AYR,Standbackandlook
2025-04-28,2:15,LIN,Starliner
2025-04-28,4:05,AYR,State Flag
2025-04-28,2:45,LIN,Staysound Susie
2025-04-28,6:10,NAA,Step Along
2025-04-28,4:25,WDR,Storm Eric
2025-04-28,8:10,NAA,
2025-04-28,8:10,NAA,Street Life
2025-04-28,7:50,WOL,Struck By Her
2025-04-28,5:05,NAA,Style King
2025-04-28,4:25,WDR,Subsonic
2025-04-28,7:10,NAA,Sunday River
2025-04-28,5:05,NAA,Sunriseontheboyne
2025-04-28,7:40,NAA,Sure And Stedfast
2025-04-28,2:30,AYR,Surrey Fire
2025-04-28,3:15,LIN,Sweet Sonata
2025-04-28,4:25,WDR,Swiss Army Officer
2025-04-28,8:10,NAA,
2025-04-28,8:10,NAA,Symbol Of Hope
2025-04-28,8:05,WDR,Synergism
2025-04-28,8:50,WOL,Tai Tam Bay
2025-04-28,6:10,NAA,Taylormade Lad
2025-04-28,2:30,AYR,Tee Aitch Aye
2025-04-28,2:30,AYR,The Colorist
2025-04-28,2:15,LIN,The Highway Rat
2025-04-28,6:10,NAA,Thilos
2025-04-28,7:10,NAA,Thornbush
2025-04-28,6:20,WOL,Three On Thursday
2025-04-28,3:45,LIN,Thurso
2025-04-28,4:25,WDR,Tiana Rose
2025-04-28,6:50,WOL,Tiger Kitten
2025-04-28,8:50,WOL,
2025-04-28,8:50,WOL,Tiger Tulip
2025-04-28,8:05,WDR,Tiny Rebel
2025-04-28,7:30,WDR,Torfrida
2025-04-28,8:05,WDR,Tribal Nation
2025-04-28,7:40,NAA,True Colors
2025-04-28,7:20,WOL,True Friend
2025-04-28,7:10,NAA,Trusty Scout
2025-04-28,5:50,WOL,Turing
2025-04-28,2:15,LIN,Twilight Diamond
2025-04-28,4:05,AYR,Two Stars
2025-04-28,6:40,NAA,Twoforthegutter
2025-04-28,5:13,AYR,Tycoon
2025-04-28,6:00,WDR,Unexpected Issues
2025-04-28,6:40,NAA,Union Island
2025-04-28,5:20,LIN,Unique Journey
2025-04-28,5:40,NAA,Valsharah
2025-04-28,4:25,WDR,Vampire Slayer
2025-04-28,5:13,AYR,Velocity
2025-04-28,12:08,SNA,Verhoyen
2025-04-28,6:10,NAA,Viking Invasion
2025-04-28,7:40,NAA,War Zone
2025-04-28,7:50,WOL,Wateen
2025-04-28,3:00,AYR,Wee Mary
2025-04-28,4:40,AYR,What's She At
2025-04-28,7:00,WDR,White Umbrella
2025-04-28,2:00,AYR,William Marshal
2025-04-28,6:20,WOL,Witch Hazel
2025-04-28,3:45,LIN,Wizard Of Odds
2025-04-28,7:40,NAA,Wyvern
2025-04-28,5:50,WOL,Xiomara
2025-04-28,6:30,WDR,Yaaser
2025-04-28,4:05,AYR,Youfillupmysenses
2025-04-28,3:00,AYR,Youthful King
2025-04-28,3:15,LIN,Zaraahmando
2025-04-28,8:10,NAA,
2025-04-28,8:10,NAA,Open Account
2025-04-28,8:10,NAA,Open Account
2025-04-28,8:10,NAA,Open Account
2025-04-28,8:10,NAA,Open Account
2025-04-28,8:10,NAA,Open Account
2025-04-28,8:10,NAA,Open Account
2025-04-28,8:10,NAA,Open Account
